ltable_id,rtable_id,label
20467137,40658212,1
22992322,25011125,1
34532774,51726938,1
40160836,39250533,1
51984550,57937744,1
4254500,52019173,1
97937089,88874092,1
32188644,94511792,1
64692162,97288853,1
23620990,37084990,1
21599943,19301010,1
26095201,69912633,1
49652516,61115102,1
54689761,75128379,1
45831360,79613309,1
75318821,55982328,1
68696736,28927993,1
66468324,67371758,1
24693281,30429353,1
19499488,77595897,1
69838310,73092958,1
17955435,40988189,1
98808067,34081588,1
66053411,97873950,1
24693281,59100632,1
65813186,88215321,1
8289216,50809231,1
2284449,58763783,1
18960736,43446987,1
17562112,79252396,1
53355009,62058424,1
37530368,58772012,1
67897793,86961593,1
32188644,59598011,1
25304065,41839134,1
17869090,83152759,1
50564353,69243833,1
22074403,92872793,1
34638630,69821747,1
90718213,73999754,1
14691276,30719223,1
27908001,98669404,1
56341889,95360599,1
49740099,68477834,1
1959777,88531218,1
36711460,95960852,1
31177984,29319775,1
75202466,47684966,1
92992548,40752015,1
52341668,25945492,1
48525638,83073418,1
15911331,71934141,1
48525638,64260575,1
26200326,48734603,1
3215040,31228902,1
12109505,16637109,1
25593960,41191422,1
24514948,82270293,1
38117313,42522284,1
17562112,91403970,1
17562112,72455141,1
29052128,83006494,1
31125761,98647730,1
27369443,64313181,1
61562851,42822503,1
35301472,30835489,1
3215040,26355403,1
65533380,65926933,1
39520289,57619335,1
31125761,84739687,1
57299394,60053765,1
47138182,47688199,1
87317188,38674629,1
34532774,66083674,1
64579744,93963696,1
46007971,457768,1
38823136,52326895,1
96142146,69202392,1
31167747,41160429,1
49043713,41937003,1
68696736,36811471,1
54699332,95666440,1
94414976,83696197,1
46980585,59210446,1
72995363,16860122,1
35857792,95788465,1
36688224,54616332,1
2485153,54872620,1
43742368,98621092,1
35900099,44424181,1
26095201,41704902,1
89056,72145468,1
43909796,60305865,1
55675271,84122994,1
35724064,72470859,1
93010788,58326251,1
58116034,18942955,1
78504449,82913198,1
53355009,66901817,1
46627365,75133459,1
42140129,83579294,1
45194309,86306023,1
55951938,83701427,1
83095015,36758987,1
97354784,46104758,1
54643813,66534063,1
86146945,59667572,1
45111109,84846826,1
60038145,81633739,1
3215040,84888111,1
69709216,64283426,1
37061856,66817157,1
1959777,77369375,1
36875298,62899929,1
45831360,63413885,1
69918467,70351063,1
35938242,49443301,1
34752640,35884378,1
91200665,90042402,1
22992322,29941324,1
8289216,55649716,1
18852131,48305046,1
3215040,22350614,1
33722688,80652568,1
84301060,26102262,1
93010788,33783807,1
13846090,50930544,1
18852131,46322463,1
37061856,74291640,1
50359170,67986899,1
87317188,75223780,1
69838310,82843231,1
80356961,81077464,1
22770211,47336087,1
2485153,64207699,1
40225828,94819369,1
25304065,86634817,1
74298756,32132138,1
82447200,23498700,1
72667296,88849665,1
77260330,80873556,1
19499488,70601468,1
35857792,63546088,1
69206944,77077400,1
1959777,69905210,1
69709216,80450571,1
96999491,35365744,1
76688928,65163442,1
36875298,94750224,1
8289216,97573369,1
86589283,90477916,1
17562112,21180493,1
16070624,31826558,1
38117313,93189923,1
60620577,65124080,1
46781089,95715112,1
64692162,78022425,1
46980585,68689972,1
76688928,42412046,1
53837571,58755004,1
1959777,48435137,1
12109505,67505927,1
94578154,97174200,1
94578154,63505292,1
22770211,21918296,1
36688224,47504703,1
30554240,75134630,1
58307266,96291101,1
83328707,38494876,1
50334755,88209597,1
21599943,16482355,1
57781987,13750159,1
2485153,98749719,1
62936992,40886103,1
84977888,51766259,1
13846090,20770808,1
84965377,57812104,1
30190432,41462410,1
17955435,6563327,1
32939808,40356035,1
19143488,31203092,1
39520451,46096282,1
70849536,61666740,1
73711747,87043717,1
93261057,39238648,1
58227335,74461011,1
59671298,95019292,1
25304065,62130250,1
48035811,31291687,1
77260330,78831007,1
42282022,97563189,1
34752640,52672692,1
53737120,56634824,1
72112899,80249148,1
66468324,26453577,1
31125761,47074736,1
9160265,38549593,1
71377024,43855337,1
49995171,60957811,1
33722688,67076258,1
72595895,38118876,1
65813186,91698192,1
83326983,88824283,1
32812864,84855664,1
67043360,84918364,1
40741504,51062207,1
75202466,51909448,1
49326336,44680853,1
75318821,71116679,1
61562851,36288245,1
34532774,84071723,1
69891395,63662606,1
54053670,64575250,1
52403360,91026985,1
29914496,62307014,1
27553890,32399088,1
32658304,36669450,1
56677319,14701615,1
63292418,84310970,1
77260330,89167001,1
16070624,77257977,1
67897793,14006215,1
77867011,88795165,1
46007971,50502911,1
54361760,56376958,1
52005921,91664569,1
71563970,73459517,1
89056,51590645,1
3215040,10524933,1
25304065,78845222,1
54361760,59868206,1
77804545,66815853,1
98857946,66110234,1
74124966,51652697,1
14691276,51210646,1
80275809,69249085,1
49930606,70478383,1
50176096,64181180,1
66051813,50148316,1
35724064,57322751,1
71966113,82258841,1
60571140,91472204,1
49652516,81753174,1
40741504,61642770,1
35915008,57765660,1
67086788,71552646,1
92894304,63623853,1
89056,15384683,1
75242176,67646392,1
25593960,86391670,1
34638630,66047052,1
76688928,59787361,1
19143488,69165385,1
69891395,69321862,1
80356961,20647957,1
69891395,73032422,1
54643813,33767038,1
18960736,27880636,1
44775009,87542445,1
32413380,65606908,1
72667296,55104249,1
92992548,81168050,1
29052128,94680941,1
57644517,68806630,1
87120193,63966824,1
56341889,76748285,1
22074403,35959374,1
46627365,28948362,1
64579744,86551469,1
39172032,35950727,1
63421318,84981584,1
66612960,65938144,1
35301472,49621569,1
62284553,24903770,1
32188644,43953759,1
54528357,40735339,1
86595714,43282194,1
38823136,81403011,1
98857946,77262877,1
4254500,61839172,1
40741504,24351352,1
27369443,98857511,1
52005921,80250895,1
40225828,67274293,1
53576352,65217016,1
18246146,85453054,1
55675271,53587495,1
73711747,95934920,1
69918467,24345418,1
40741504,21327467,1
48046242,48760459,1
62136832,93569607,1
58599683,40256697,1
39520451,80020422,1
51823526,90677421,1
66764285,84239105,1
63585928,48748907,1
29914496,47959304,1
42140129,41132356,1
67963843,46030392,1
31007137,96478412,1
72339073,74276973,1
52005921,61791022,1
86589283,75297744,1
12103618,889880,1
48035811,53073800,1
98808067,88590575,1
53699299,62867651,1
64607522,90023495,1
56953925,74508755,1
25577348,4422385,1
41414851,94235955,1
59671298,90893220,1
51739077,80783276,1
63872198,81534664,1
78407619,92199912,1
9937440,72324795,1
58416896,77407598,1
38447746,48136792,1
27908001,34480831,1
58076544,49635278,1
37530368,56699692,1
22909408,34998581,1
34752640,88855243,1
80275809,53119611,1
9160265,38719384,1
30190432,63223933,1
24360041,44933260,1
40225828,42324840,1
58416896,61009090,1
32188644,39003028,1
32812864,35122049,1
45719431,42981396,1
96142146,41867761,1
54689761,92299108,1
40225828,52265517,1
32188644,67293934,1
49326336,37708089,1
49995171,50884367,1
60960835,76495429,1
19499488,51243278,1
65813186,66123367,1
31007137,56787838,1
37530368,1347389,1
47388064,50284595,1
30011491,93648382,1
52863298,69530921,1
55951938,88569688,1
66085532,59307764,1
8289216,70326774,1
67086788,95547511,1
89056,37035540,1
62136832,73060856,1
94828896,74166543,1
36875298,36439966,1
59671298,43522170,1
53737120,55918296,1
68752289,88722530,1
70849536,12619140,1
2485153,71105677,1
15658592,96846981,1
28950789,16316564,1
63946017,55576195,1
51739077,86830955,1
72112899,82712155,1
38447746,54637257,1
39172032,54237368,1
8289216,76292519,1
26095201,90976817,1
92624064,35527544,1
27553890,49550463,1
15911331,21212202,1
63946017,95251640,1
30190432,52762800,1
62936992,48680065,1
69918467,65687036,1
14691276,18189169,1
58948641,42060474,1
15658592,98077329,1
23373474,41856077,1
28827747,39143725,1
3215040,33469889,1
85264097,93978472,1
20467137,39152734,1
49043713,36900730,1
38108489,27322411,1
31125761,89804748,1
18852131,60527373,1
92992548,83726742,1
41437761,89116939,1
74298756,35431801,1
87120193,39990303,1
42282022,41782299,1
23373474,59382677,1
8289216,47562526,1
68284224,47988383,1
53410478,53857753,1
74298756,56230100,1
12103618,46219568,1
44775009,77720212,1
26200326,26726704,1
48046242,82042901,1
16070624,42663606,1
66468324,35943444,1
28978825,39306190,1
19143488,32184587,1
53355009,43763158,1
3215040,47444077,1
35724064,53685432,1
59769828,73335794,1
48046242,19604881,1
19499488,42890409,1
8289216,62898389,1
28978825,60558385,1
41437761,93559343,1
65275494,37994614,1
38939872,42432008,1
20467137,88727182,1
21004261,24784404,1
81270595,42055621,1
48035811,65736175,1
45719431,37122066,1
9937440,79859731,1
52403360,87343722,1
78504449,89468810,1
64579744,74342620,1
93444928,50944416,1
34407266,73206233,1
33722688,48061329,1
54169443,75776051,1
49326336,39203102,1
38447746,27426123,1
17562112,69221931,1
51464383,74439167,1
58948641,74120132,1
69401250,84135482,1
76912421,67832027,1
40225828,83592973,1
53410478,61992061,1
52460480,86941968,1
23373474,19744218,1
3215040,52101570,1
49652516,63278418,1
37913602,54528527,1
31007137,55076986,1
24693281,54181907,1
78407619,22704036,1
68284224,94106554,1
98857946,25259459,1
35938242,46226339,1
53540419,75447718,1
71957793,33133828,1
38492586,35120725,1
58116034,26000261,1
2485153,24009019,1
80103776,48448790,1
31167747,28552327,1
31167747,26184134,1
30011491,47867942,1
22909408,67780963,1
58948641,98401407,1
35301472,45959444,1
96999491,69783068,1
35724064,48451550,1
58227335,81280400,1
63946017,87413186,1
59585994,75823632,1
47973761,57035496,1
58416896,45550541,1
63292418,83276805,1
29052128,86785250,1
78407619,21376390,1
16801792,51946981,1
54452363,62380727,1
78407619,75740074,1
25304065,53356565,1
30190432,31525711,1
77241153,77771024,1
66085532,90923900,1
52005921,46652889,1
51739077,79593673,1
64607522,48678537,1
47138182,62577468,1
49043713,29744880,1
35915008,36485781,1
70863968,88924072,1
22770211,62191549,1
54697856,54954273,1
51739077,78581517,1
18480165,51670299,1
96986336,85304830,1
86589283,95904856,1
37530368,95409910,1
38117313,74525970,1
35915008,82440142,1
75202466,77477545,1
38117313,47250943,1
92634945,79972650,1
51984550,59459274,1
77241153,78600248,1
63421318,57971400,1
72667296,75224279,1
42140129,90809669,1
1959777,63056453,1
50564353,73639504,1
9827810,17517797,1
71068677,41561456,1
69206944,43700412,1
71147841,78072487,1
53355009,18070783,1
1959777,22563019,1
27908001,89611718,1
24693281,46727497,1
16801792,56676909,1
52237675,65657820,1
28827747,56854298,1
91200665,63297771,1
66053411,97562809,1
51823526,54818129,1
98808067,76343773,1
62136832,69992258,1
43909796,86404548,1
91200665,1887783,1
2284449,69910810,1
66764285,53381951,1
69206944,27946151,1
55951938,98649507,1
35301472,4356136,1
96142146,62373036,1
18852131,35350872,1
52403360,24804998,1
38447746,77650984,1
77748256,44537944,1
51984550,97348432,1
34638630,93198920,1
31167747,87634135,1
60638240,80489256,1
55675271,87229040,1
30011491,40077939,1
96999491,76396248,1
24514948,48625658,1
29052128,86430513,1
57359937,35852053,1
39172032,41146338,1
72595895,72581605,1
69709216,41323253,1
49066670,43409810,1
54699332,90041180,1
41901856,70197976,1
72667296,67059288,1
27369443,54631751,1
24284673,19543686,1
66053411,39882549,1
2284449,19544823,1
63421318,42077846,1
75202466,37710503,1
37255364,87951789,1
19143488,70877243,1
66355149,83472763,1
58307266,32397021,1
65392801,27087295,1
67963843,89284852,1
57644517,64511013,1
21659072,21882686,1
67963843,98559124,1
89056,56609065,1
53355009,62569432,1
23373474,34073752,1
98808067,38427916,1
28149953,40617635,1
82361409,41218407,1
98423908,77338417,1
18246146,38034518,1
72667296,98056386,1
15658592,32682669,1
22074403,87135655,1
87317188,14515609,1
37255364,50384793,1
98857946,42506221,1
15658592,23084884,1
63946017,67374175,1
18960736,60334696,1
24693281,80240194,1
82447200,64891949,1
1959777,73812685,1
13846090,32710705,1
74124966,55665914,1
72595895,80552353,1
91200665,79108432,1
19499488,95715165,1
58307266,75389886,1
32812864,6690435,1
39172032,96635773,1
53699299,83171271,1
35857792,58057278,1
71957793,60121656,1
13846090,65529136,1
54699332,60488264,1
49326336,44810316,1
18480165,96656974,1
53737120,91241309,1
65275494,42042734,1
56953925,50487142,1
60638240,50552219,1
24693281,41771778,1
43742368,51298170,1
96999491,45925876,1
2284449,22430617,1
47973761,66638241,1
36875298,77008042,1
80275809,82713067,1
67963843,57215167,1
46007971,32586695,1
77215589,70566686,1
73711747,89059866,1
42282022,66316343,1
89056,96759482,1
50564353,90071261,1
34638630,93246129,1
66085532,79589897,1
36711460,85042149,1
62303304,53516856,1
55675271,74722865,1
18960736,4727942,1
35915008,39877339,1
54053670,66087579,1
54643813,22894971,1
86146945,61486145,1
45583875,62368315,1
8289216,72164444,1
17869090,70896286,1
60038145,85344876,1
88914408,66752971,1
35915008,38149907,1
27369443,26725937,1
32658304,83566703,1
51464383,75306045,1
32413380,36282069,1
60620577,77024381,1
52460480,33444908,1
21659072,42663954,1
35900099,63989540,1
34752640,34961217,1
97354784,55667225,1
39520289,85223368,1
53257702,43051351,1
25304065,88756084,1
76467524,72849102,1
68696736,34762269,1
64480866,64830611,1
60638240,90347573,1
89056,14590893,1
30011491,97516392,1
49043713,61258448,1
45583875,75724668,1
45831360,56790861,1
93010788,36182195,1
22909408,48022262,1
2284449,81441228,1
76066404,39074175,1
22074403,88645853,1
30190432,69083604,1
39520289,35951391,1
25626276,61738783,1
60960835,70431060,1
46007971,64941287,1
58416896,52440335,1
64480866,87429342,1
32188644,38564743,1
24514948,43006963,1
69918467,81488948,1
18480165,43547655,1
35900099,43859384,1
65392801,76448251,1
78504449,78504460,1
46101444,76539632,1
64480866,82854042,1
35226371,46974160,1
70863968,48169914,1
51823526,54361651,1
77260330,79567549,1
31177984,79605689,1
37255364,74669833,1
67043360,85015885,1
67086788,53833203,1
91328452,43780660,1
31177984,79630465,1
92992548,2980362,1
45583875,96582714,1
14691276,51769117,1
24693281,55718937,1
45194309,48466686,1
22992322,68933016,1
85527916,62318417,1
53540419,54168325,1
25626276,50682568,1
18246146,81168575,1
66053411,64928819,1
23620990,98293511,1
30190432,50903406,1
64692162,78907033,1
96986336,75684453,1
69709216,37892018,1
9937440,27357994,1
38939872,50532201,1
52237675,74329118,1
37255364,49415669,1
2485153,44644082,1
54361760,77189808,1
87317188,65913287,1
60848736,38999825,1
61562851,57882119,1
44775009,74519010,1
68284224,85554698,1
52460480,97198719,1
58116034,36136163,1
42140129,57492067,1
45719431,70811582,1
75202466,51280173,1
24514948,66191134,1
91200665,93998038,1
52385985,22736212,1
56572331,57066806,1
39146691,38890517,1
52639394,84550965,1
52460480,59089175,1
49930606,60644537,1
32413380,91790289,1
31686048,59061091,1
12103618,20061554,1
41901856,49421369,1
53837571,75566537,1
46627365,29204789,1
65275494,51987274,1
68696736,24225119,1
96986336,60392808,1
97354784,29833960,1
54528357,71406090,1
49740099,51424621,1
28149953,34168295,1
47388064,56562331,1
18852131,81497694,1
22074403,31142120,1
22074403,53303867,1
52460480,47889081,1
21004261,37036317,1
35915008,53628957,1
71957793,39924028,1
96986336,98273310,1
75318821,77107182,1
31007137,54538502,1
35301472,84107754,1
35900099,52031548,1
93261057,53086722,1
35226371,64284441,1
75169795,82877360,1
46781089,46518287,1
91216899,63928436,1
23620990,31142513,1
41414851,42895870,1
35857792,96374921,1
21599943,37086576,1
36711460,16585577,1
32188644,39481203,1
46781089,64892592,1
61562851,41538803,1
2485153,79879491,1
31686048,41158928,1
80356961,89662581,1
87120193,58897448,1
66778692,48868171,1
66053411,67601143,1
57488134,36752919,1
32939808,33241159,1
35900099,96052167,1
68752289,70891477,1
67043360,27383622,1
31177984,78194247,1
59141538,62628948,1
46781089,76113735,1
53540419,84697625,1
35900099,75012430,1
30190432,96845495,1
16070624,98589216,1
2284449,50897559,1
93779269,75526094,1
11197382,13378901,1
29052128,48816613,1
70863968,37083729,1
77748256,91137581,1
97354784,22718788,1
21004261,97556862,1
70863968,60655494,1
60571140,96135728,1
47206728,52433173,1
96986336,39263130,1
27908001,89852549,1
58416896,80835653,1
60571140,62460477,1
47616003,53010211,1
89056,35405134,1
37913602,44079366,1
50564353,67054673,1
92992548,54882233,1
32742572,36964185,1
43909796,88311930,1
71957793,43443246,1
52639394,70269940,1
18246146,39444250,1
59585994,80500885,1
35226371,38083813,1
93261057,18321642,1
28827747,97150870,1
37255364,87949415,1
46101444,66113073,1
37255364,97656808,1
19499488,81902222,1
55951938,75419452,1
69206944,24092458,1
2284449,42514477,1
46007971,50691452,1
72112899,84558007,1
72595895,27935191,1
35724064,41184909,1
64579744,70894508,1
23373474,7179251,1
18960736,15223473,1
90862370,39460007,1
18480165,95290520,1
53257702,76499819,1
39520289,87637930,1
54169443,91214622,1
57380129,80825062,1
51464383,90167645,1
93261057,69250227,1
53540419,67293935,1
69918467,95679247,1
66085532,85198394,1
18852131,41256110,1
2485153,25695404,1
37530368,84442012,1
54452363,66649332,1
67647713,96755227,1
25304065,67400365,1
19499488,77297699,1
52403360,32638940,1
58116034,80552236,1
49043713,37287476,1
69709216,92703896,1
91200665,59376223,1
94578154,96279287,1
69206944,25511984,1
9937440,18755950,1
60789851,85690398,1
54699332,58509096,1
33722688,33950628,1
42282022,80714779,1
14691276,53177791,1
41414851,63362179,1
76912421,58662702,1
27801060,27611218,1
62284553,97341005,1
24360041,39164471,1
76688928,37555027,1
43909796,45993118,1
35724064,66639967,1
92992548,74418772,1
56341889,67323222,1
58948641,96683747,1
35900099,59564519,1
11197382,17422391,1
44775009,39562985,1
46627365,78241304,1
38823136,57791020,1
80275809,53598501,1
19499488,87444476,1
25577348,86509269,1
64340676,58526124,1
35226371,37801039,1
36711460,48049039,1
61562851,79069245,1
9827810,25866919,1
56341889,71856744,1
22770211,24147862,1
66468324,57189752,1
35724064,42916115,1
76912421,93005874,1
65894144,78253269,1
87120193,19934535,1
54689761,81164999,1
36711460,33983082,1
97937089,62773065,1
54689761,61306190,1
67147203,75486692,1
75910055,50499731,1
25593960,47933104,1
96986336,2380670,1
36761895,52200023,1
34532774,48541239,1
25577348,31313438,1
35915008,47313770,1
65813186,85463636,1
82447200,29054640,1
62825929,76893002,1
47138182,51599647,1
17562112,41705358,1
52385985,76653432,1
70849536,35731483,1
43742368,52165787,1
26095201,55471505,1
96142146,22286818,1
56953925,98595213,1
60038145,84668470,1
32742572,41077263,1
62936992,69005400,1
71989322,75017710,1
70912871,71677838,1
34407266,48185550,1
28827747,42074511,1
63421318,26937308,1
29052128,43562027,1
45194309,46060858,1
54169443,57890975,1
48650597,27935191,0
58599683,32887006,0
1959777,19452503,0
69891395,55649716,0
40225828,72164444,0
70849536,46219568,0
66051813,89792967,0
46980585,32204159,0
18246146,72164444,0
17869090,95187934,0
75318821,72164444,0
46980585,48448790,0
33722688,66113073,0
53576352,45145764,0
40741504,27880636,0
76467524,84135482,0
58076544,82270293,0
50334755,2101868,0
71147841,19391710,0
24360041,68731378,0
87120193,46219568,0
62136832,27312735,0
38823136,32015071,0
67963843,76292519,0
66612960,72058257,0
66355149,84079608,0
70665219,6798938,0
35226371,93978472,0
53576352,84135482,0
45719431,59603024,0
98423908,85646035,0
63292418,50250903,0
49652516,25356853,0
30190432,27999294,0
2485153,78600248,0
45831360,47524277,0
75087613,27935191,0
66051813,70326774,0
12103618,90821646,0
49995171,56978730,0
66778692,63623853,0
32763428,89167001,0
94828896,67028945,0
52385985,40357787,0
49326336,46219568,0
24514948,29319775,0
73711747,61738783,0
38939872,26736430,0
71966113,91880654,0
48650597,58511637,0
39520289,49967223,0
40225828,1644190,0
8289216,38970099,0
9160265,38118876,0
31125761,49832619,0
75087613,76447164,0
22074403,76292519,0
26200326,25524118,0
57380129,74192889,0
31686048,5628683,0
58948641,42663606,0
96986336,41670548,0
75169795,31291687,0
60038145,51210646,0
22909408,43994003,0
53737120,73697689,0
23620990,82640108,0
60571140,42796738,0
60038145,23795615,0
77867011,74525970,0
26095201,84031127,0
56677319,85463636,0
66053411,74610695,0
62936992,57763796,0
52863298,56787838,0
66764285,21658780,0
29914496,27087295,0
56341889,37325141,0
45719431,31225471,0
90718213,72164444,0
51823526,5355657,0
66468324,24539976,0
44637989,63928436,0
58307266,69530921,0
57781987,40356035,0
30554240,13750159,0
18852131,76430335,0
57380129,5628683,0
35724064,23958745,0
71068677,24569479,0
96986336,56619455,0
64607522,23958745,0
54169443,77279324,0
71563970,82270293,0
56341889,5312650,0
32812864,32015071,0
46627365,47182346,0
65275494,62090829,0
80850757,48014318,0
19443872,28224541,0
49043713,40357787,0
65533380,27999294,0
46781089,87043717,0
57354466,81137394,0
86146945,72164444,0
52639394,84135482,0
70863968,40200365,0
16801792,98849797,0
62284553,52555608,0
35900099,48633997,0
39146691,70566686,0
84977888,457768,0
45194309,5628683,0
86589283,34934382,0
60638240,54538502,0
59671298,77917009,0
45111109,37369733,0
93010788,52304649,0
41437761,45510566,0
30190432,76292519,0
34532774,98849797,0
62936992,25511984,0
34407266,51946981,0
23373474,22858953,0
36711460,46219568,0
57644517,24569479,0
54643813,69321862,0
85527916,75017710,0
83326983,75389886,0
38117313,55591354,0
49984482,49832619,0
69206944,90868693,0
71563970,31313438,0
58307266,34934382,0
89056,33633736,0
37530368,80753512,0
30554240,90972374,0
34407266,49389500,0
31007137,22881928,0
57129676,35179465,0
72595895,23958745,0
25304065,46219568,0
18480165,27611218,0
60620577,45145764,0
9160265,4030876,0
46007971,42128318,0
52863298,36752919,0
58948641,85198394,0
28149953,27935191,0
58948641,25782210,0
43742368,52196594,0
47206728,50781773,0
85264097,19025128,0
72339073,98586705,0
31177984,93198920,0
38492586,36109749,0
36761895,81077464,0
47973761,24569479,0
53699299,52476749,0
78407619,23958745,0
49740099,48169914,0
52237675,63899223,0
51739077,63687251,0
60620577,27935191,0
74298756,39883470,0
32812864,56865642,0
4254500,44772050,0
50368196,86355040,0
69401250,27935191,0
71989322,25553062,0
77260330,38705578,0
43909796,67035709,0
24514948,36043672,0
57129676,27935191,0
70849536,44529558,0
45583875,23795615,0
84965377,64511013,0
30011491,52223460,0
26200326,24569479,0
29052128,76292519,0
52005921,47336087,0
49930606,61796626,0
77241153,5628683,0
54697856,74519010,0
86589283,54333496,0
62422382,69681239,0
27369443,65306765,0
71966113,35120725,0
67043360,57492067,0
26095201,22106476,0
54643813,80182053,0
77241153,93189923,0
81270595,66191134,0
52403360,76292519,0
31177984,46219568,0
42282022,45727120,0
66468324,23958745,0
9827810,24569479,0
58416896,85028460,0
54528357,25945492,0
74124966,76430335,0
53540419,45145764,0
41437761,14120468,0
76688928,52304649,0
59324937,64181180,0
31686048,48701388,0
86146945,24378987,0
13846090,53926646,0
10042792,13490638,0
97937089,49832619,0
35724064,27135511,0
56341889,76292519,0
53837571,84135482,0
70863968,47524277,0
64340676,50986653,0
43909796,51140258,0
34752640,59899655,0
66053411,50926478,0
27801060,55544480,0
77215589,27935191,0
62936992,98849797,0
14364610,63899223,0
58076544,80714779,0
70863968,76430335,0
97354784,4030876,0
32763428,77028778,0
38447746,23958745,0
8289216,21376390,0
69838310,38118876,0
28149953,29989451,0
64692162,82712155,0
13846090,67366081,0
19499488,23958745,0
27801060,24569479,0
31125761,45902708,0
52005921,95345402,0
91328452,27935191,0
76912421,70326774,0
52460480,57035496,0
35857792,31225471,0
45111109,47948274,0
64692162,93569607,0
36711460,87951789,0
47616003,75776051,0
76066404,65057846,0
60789851,34934382,0
25304065,68725256,0
19499488,43718685,0
71957793,94106554,0
58227335,37801039,0
49740099,44805563,0
36688224,32710705,0
19143488,84697625,0
69891395,64603834,0
92624064,29319775,0
45831360,11257759,0
21004261,27935191,0
80275809,61611884,0
92624064,13802221,0
76467524,61486145,0
38939872,32015071,0
50359170,88773659,0
27369443,46219568,0
67086788,35884378,0
51984550,38118876,0
31125761,23795615,0
64692162,84135482,0
54053670,24569479,0
72112899,82854042,0
31627268,27880636,0
44775009,69530921,0
54697856,31490474,0
83095015,38118876,0
62284553,89090467,0
75169795,90041180,0
72595895,87343722,0
58116034,31225471,0
35226371,27999294,0
61188069,31490474,0
54169443,32769865,0
42906184,49832619,0
82447200,40356035,0
57781987,478870,0
32413380,6798938,0
80850757,27935191,0
19499488,37555027,0
49043713,31225471,0
29052128,1303912,0
67086788,32769865,0
55675271,54112792,0
62422382,5628683,0
54689761,97516345,0
64579744,72164444,0
83326983,75224279,0
57781987,27935191,0
48046242,31435374,0
63585928,32015071,0
67147203,76430335,0
37255364,76292519,0
4254500,78989521,0
52385985,28224541,0
67147203,70986173,0
56677319,24569479,0
62303304,27935191,0
63872198,95409910,0
33722688,54910361,0
57488134,63899223,0
34532774,35179465,0
17562112,37879313,0
25593960,38118876,0
53410478,60573676,0
70912871,47023848,0
65533380,44438508,0
94414976,50986653,0
76436896,2101868,0
59141538,84135482,0
71989322,38118876,0
75242176,70269940,0
94828896,5628683,0
49326336,48105790,0
21659072,44805563,0
31686048,52851190,0
11197382,10657396,0
35226371,41570143,0
84301060,63899223,0
39520451,77077400,0
38939872,27935191,0
11197382,68599591,0
31007137,91761393,0
37061856,84135482,0
53540419,70326774,0
86146945,19934535,0
54528357,25282467,0
21659072,50986653,0
77804545,74192889,0
92894304,50915848,0
58599683,27935191,0
31167747,40970803,0
13846090,45792041,0
59584097,24378987,0
57644517,29412015,0
60140672,66817157,0
51464383,57492067,0
1959777,76430335,0
47616003,38118876,0
51984550,25349351,0
67963843,76430335,0
22909408,44729677,0
52341668,72894094,0
68696736,37284100,0
12109505,76539632,0
60140672,5628683,0
30190432,89090467,0
53355009,64260575,0
17955435,20061554,0
69918467,86917365,0
94578154,83579294,0
28950789,24569479,0
54699332,83579294,0
80103776,88682962,0
89056,46219568,0
47973761,33586613,0
55951938,32769865,0
84977888,96029766,0
83095015,68731378,0
49326336,44570489,0
76688928,52851190,0
96142146,31225471,0
74298756,23958745,0
45719431,56865642,0
75242176,24569479,0
27908001,31640964,0
52639394,40356035,0
89056,64715021,0
98857946,20852171,0
47206728,84135482,0
68284224,61009090,0
9827810,59603024,0
52385985,63899223,0
40225828,48105790,0
60601478,63899223,0
18960736,29319775,0
72112899,32769865,0
51464383,47673776,0
81270595,65217016,0
44775009,31225471,0
37061856,93836358,0
59141538,33059739,0
39520289,85028460,0
46781089,50926478,0
32087719,40617635,0
51739077,42516046,0
39172032,90477916,0
92992548,46219568,0
90718213,86961593,0
45111109,97174200,0
82447200,91880654,0
67647713,83579294,0
9160265,42663954,0
49066670,68731378,0
2284449,35950727,0
52460480,54922099,0
17955435,64260575,0
69838310,48106319,0
75910055,57492067,0
2284449,33586613,0
3215040,91880654,0
22909408,44994764,0
42282022,40802826,0
64340676,24569479,0
76912421,1613425,0
56677319,32212233,0
96999491,30217405,0
53699299,27935191,0
24360041,91706982,0
49066670,39164471,0
96142146,83726742,0
62825929,50775039,0
14691276,70326774,0
68284224,85646035,0
63946017,86739887,0
92624064,20770808,0
54452363,57791020,0
47388064,68406571,0
35915008,38849390,0
32087719,35884378,0
60789851,8447535,0
31167747,50426737,0
21004261,38461619,0
28950789,22352677,0
72667296,89493786,0
69709216,70324505,0
63585928,24569479,0
80356961,72164444,0
38108489,12962841,0
21599943,70326774,0
86595714,83579294,0
39520451,76495429,0
63292418,13249901,0
44775009,82270293,0
64607522,22034280,0
66718913,27935191,0
54452363,84135482,0
76467524,83187166,0
60571140,21658780,0
47388064,84071723,0
51984550,46246978,0
73711747,50552219,0
71068677,34380744,0
27369443,80489256,0
68752289,76369891,0
59324937,35392050,0
3215040,94981416,0
65813186,26736430,0
32812864,76430335,0
16801792,84135482,0
90718213,38131875,0
63585928,86391670,0
66778692,84135482,0
37530368,51599647,0
69401250,34380744,0
60960835,77595897,0
38447746,85704324,0
75169795,50986653,0
37530368,73092958,0
41437761,38118876,0
60960835,38118876,0
60601478,75962303,0
61562851,25356853,0
22909408,84135482,0
38108489,54397148,0
71147841,84135482,0
67086788,71489113,0
38492586,27935191,0
21171296,1613425,0
56572331,57791020,0
59585994,24569479,0
76436896,43562027,0
52403360,59845812,0
71377024,12962841,0
92992548,18996777,0
41414851,38118876,0
22422851,80867192,0
69891395,56194318,0
77804545,72058257,0
50368196,24569479,0
38117313,36439966,0
30011491,31225471,0
51823526,68477999,0
94828896,79464526,0
92634945,5628683,0
67647713,52851190,0
90718213,52555608,0
27801060,44683999,0
38108489,44644082,0
52005921,31225471,0
60789851,45040539,0
58116034,41077263,0
35857792,57322751,0
56953925,33918678,0
32188644,84697625,0
51739077,72164444,0
25626276,28105079,0
46007971,91880654,0
46101444,67076258,0
98808067,25945492,0
86589283,86830955,0
46007971,54553525,0
69401250,64603834,0
65392801,35529221,0
71377024,25782210,0
65894144,27935191,0
53837571,57887557,0
71563970,38118876,0
55951938,87413186,0
1959777,90677421,0
90862370,63899223,0
65275494,98849797,0
66612960,68367216,0
27553890,47023848,0
63421318,46219568,0
84965377,62911,0
96999491,42822503,0
56572331,81633739,0
64579744,43994003,0
70912871,92823416,0
66718913,63587638,0
27908001,52323484,0
52639394,86355040,0
94414976,39883470,0
38939872,77650984,0
75910055,65894559,0
13846090,90809669,0
83328707,50986653,0
88914408,65827720,0
94578154,37351978,0
55951938,34480831,0
98857946,46219568,0
25626276,45510566,0
52639394,85344876,0
82361409,84274296,0
90862370,56634824,0
66612960,60644537,0
61188069,59080465,0
92624064,32769865,0
28978825,95934920,0
74124966,17517797,0
67897793,47988383,0
12109505,75017710,0
69918467,53951521,0
63292418,82440142,0
27553890,24569479,0
22770211,72698031,0
34752640,83579294,0
49652516,40357787,0
82447200,76444235,0
39172032,55343673,0
48525638,31303836,0
54528357,22034280,0
58948641,91880654,0
57488134,478870,0
50564353,44557599,0
35938242,50657212,0
50176096,55268831,0
68752289,38118876,0
22770211,46219568,0
87317188,50068656,0
41901856,53058929,0
53355009,50926478,0
59671298,90972374,0
66051813,61009090,0
46980585,63899223,0
94414976,56676909,0
49984482,57791020,0
91328452,84443280,0
60140672,478870,0
34638630,51210646,0
17562112,72164444,0
20467137,41132356,0
32939808,82372668,0
54361760,51140258,0
48650597,40617635,0
52460480,67400365,0
78504449,71378693,0
96999491,46219568,0
54053670,60334696,0
59585994,52205735,0
18246146,47336087,0
97937089,25603650,0
18852131,25462564,0
32742572,63746156,0
22992322,41077263,0
46781089,50682568,0
54697856,36022457,0
23620990,86355040,0
71377024,48138830,0
25577348,50926478,0
45583875,84739687,0
58116034,98621092,0
93779269,71149914,0
9160265,51424621,0
34407266,84135482,0
53540419,41647413,0
93010788,80753512,0
51382920,32295090,0
17869090,80540087,0
55675271,31225471,0
18480165,23958745,0
48525638,70919736,0
48035811,41132356,0
66085532,52012211,0
21004261,59689363,0
38108489,24569479,0
24360041,53685432,0
94414976,64830611,0
80356961,47313770,0
85264097,34934382,0
9937440,57362612,0
32742572,63899223,0
81270595,35731483,0
60140672,53003159,0
50564353,24465407,0
47973761,73327923,0
58227335,27935191,0
62303304,32295090,0
28149953,9800934,0
68696736,29916446,0
93444928,64715021,0
63946017,43522170,0
93444928,57492067,0
64480866,40735339,0
69709216,53685432,0
15658592,19427532,0
62136832,71725022,0
26095201,70326774,0
17562112,32769865,0
32763428,65445054,0
22074403,47688199,0
64480866,52019173,0
71068677,72164444,0
37913602,72145468,0
27553890,44805563,0
54169443,22736212,0
63421318,51210646,0
49930606,5628683,0
58227335,69360418,0
60038145,32015071,0
93261057,31225471,0
51464383,13249901,0
11197382,5628683,0
57644517,52438681,0
31167747,76292519,0
27208290,66113073,0
77748256,70680114,0
28950789,701545,0
62136832,13378901,0
72667296,50944416,0
90862370,45101441,0
34532774,23795615,0
63872198,48827928,0
80356961,73092958,0
27553890,32015071,0
70912871,81606769,0
92634945,56865642,0
9827810,22034280,0
68696736,23958745,0
78407619,62153599,0
26200326,33753739,0
60620577,38705578,0
10042792,27135511,0
93444928,38229432,0
27369443,63431675,0
14691276,50677786,0
75202466,45145764,0
78407619,62307014,0
30011491,80768725,0
65894144,90893220,0
92634945,32015071,0
62136832,48369044,0
40741504,38849390,0
47206728,19744218,0
19443872,59546374,0
37255364,53356565,0
38492586,97516345,0
63946017,38908587,0
32188644,73092958,0
90862370,52196594,0
31007137,94680941,0
71147841,9513553,0
25304065,55744182,0
25577348,51999280,0
44775009,28879558,0
45111109,27935191,0
78407619,86661317,0
96142146,93836358,0
35857792,48014318,0
91200665,4356136,0
22992322,54922099,0
49984482,50691452,0
15658592,96029766,0
60638240,67323222,0
66085532,98401407,0
86589283,36669450,0
58416896,56989328,0
59769828,24861177,0
45194309,90186955,0
66355149,33138819,0
18480165,32586695,0
46627365,17553753,0
39520289,68406571,0
28827747,34934382,0
87317188,46219568,0
44637989,5628683,0
14364610,65057846,0
39146691,89167001,0
69918467,54595406,0
83095015,80753512,0
76066404,63899223,0
47616003,89707882,0
93261057,79919729,0
60848736,24569479,0
56953925,34934382,0
22074403,48625658,0
41414851,56978730,0
86595714,62191549,0
66764285,9390933,0
46627365,72164444,0
65894144,77917009,0
52237675,74205747,0
77867011,48751838,0
76688928,18070783,0
54643813,81497694,0
32188644,41647413,0
53257702,81439789,0
72995363,94415653,0
63946017,31225471,0
83095015,52555608,0
77748256,6403220,0
94578154,45001854,0
53410478,84135482,0
47973761,35669299,0
70665219,77024381,0
49326336,54616332,0
25593960,49832619,0
57488134,47524277,0
8289216,31225471,0
75910055,77595897,0
48525638,31142120,0
88914408,29204789,0
35915008,56865642,0
52385985,70331081,0
97937089,46322463,0
84977888,72379446,0
77215589,33138819,0
49652516,23795615,0
25304065,52438681,0
77215589,25820683,0
31177984,25574963,0
33722688,72164444,0
72667296,52304649,0
77867011,94106554,0
37255364,16101065,0
46101444,24861177,0
45583875,46707617,0
27208290,91241309,0
57359937,59852743,0
39172032,23958745,0
18960736,46219568,0
83328707,71713979,0
84301060,41944826,0
91200665,16421267,0
63421318,85344876,0
57380129,48460349,0
69838310,61201533,0
93444928,24378987,0
60620577,98621092,0
17955435,77028778,0
74124966,48625658,0
51984550,81168575,0
9937440,66076016,0
46101444,41337686,0
69709216,76430335,0
56953925,27322411,0
98423908,1970599,0
42140129,33063024,0
61562851,86250508,0
74298756,20383993,0
97354784,32015071,0
71957793,39788733,0
28827747,74702654,0
71966113,92299108,0
55951938,49832619,0
93779269,64773733,0
85264097,74461011,0
57354466,98621092,0
82447200,76447164,0
60601478,78845222,0
51760904,40617635,0
51382920,44729677,0
70863968,98849797,0
59141538,22775085,0
47616003,47948274,0
54697856,31225471,0
96142146,21860951,0
93779269,35213351,0
18852131,96837227,0
91328452,51899127,0
40160836,25266215,0
37061856,35626804,0
60638240,7906126,0
72995363,20061554,0
32413380,22166909,0
49066670,27935191,0
41414851,49832619,0
53576352,37708089,0
76436896,36295476,0
1959777,78767900,0
60789851,24378987,0
54689761,91141731,0
15911331,5628683,0
58599683,457467,0
43909796,49832619,0
34532774,52223460,0
83326983,84135482,0
15911331,37587790,0
27801060,26102262,0
75318821,35122049,0
46101444,84135482,0
23620990,63419453,0
10042792,27935191,0
56341889,71159598,0
41901856,27935191,0
32939808,54361651,0
74124966,74514500,0
92894304,82640108,0
19443872,38427916,0
52863298,35950727,0
25593960,52211893,0
38117313,83579294,0
2284449,81077464,0
45583875,33701626,0
57299394,35669299,0
21659072,48169914,0
96986336,71861753,0
78504449,32769865,0
15658592,70326774,0
73711747,83579294,0
67897793,27611218,0
66718913,52265517,0
68752289,39350581,0
35938242,72894094,0
80850757,51672417,0
66718913,37325141,0
66085532,52304649,0
80103776,27852334,0
29052128,24009019,0
28149953,88849665,0
25626276,50986653,0
32658304,95904856,0
87317188,16295996,0
41901856,34081588,0
57380129,66815853,0
31686048,65163442,0
57359937,33138819,0
24514948,70326774,0
30554240,36911227,0
52863298,63899223,0
67897793,50173209,0
49043713,37122066,0
26095201,81497694,0
92894304,27935191,0
77804545,38118876,0
47388064,44772050,0
19143488,46219568,0
53410478,40970803,0
14364610,33138819,0
54643813,91880654,0
89056,44079366,0
50176096,27935191,0
25577348,25820683,0
12109505,84135482,0
53576352,42055621,0
75202466,46219568,0
66053411,67738615,0
49995171,24569479,0
71147841,96052167,0
98423908,38118876,0
66468324,4030876,0
36688224,73092958,0
28978825,84135482,0
53737120,37083729,0
65533380,23447056,0
56572331,50173209,0
59769828,47182346,0
23620990,38118876,0
53837571,74461011,0
45194309,76195289,0
60601478,33586613,0
28978825,62628948,0
64692162,89031582,0
54361760,44339583,0
65275494,74399700,0
53355009,65445054,0
28827747,97556862,0
69891395,18908808,0
77748256,80753512,0
69206944,67262969,0
67963843,50384793,0
24693281,24903770,0
64579744,27177785,0
48525638,63899223,0
23373474,15219566,0
17869090,5489545,0
49930606,35529221,0
32188644,91880654,0
58307266,80918812,0
9827810,13343252,0
72339073,50986653,0
80103776,63899223,0
87120193,38034518,0
60848736,50426737,0
19143488,31490474,0
51739077,90477916,0
77260330,89896876,0
35915008,88590575,0
85527916,35610900,0
92992548,35529221,0
60038145,45641488,0
46007971,79616204,0
75087613,65445054,0
16070624,20647957,0
36688224,5628683,0
57129676,42604445,0
58599683,64511013,0
72667296,41323253,0
80356961,55343673,0
24284673,24569479,0
66085532,43763158,0
53699299,804681,0
71989322,95187934,0
66053411,67675959,0
65392801,6214990,0
49930606,75128379,0
45831360,71677838,0
82361409,41077263,0
49995171,49832619,0
66778692,82640108,0
54689761,72164444,0
41437761,80159310,0
32939808,89031582,0
39146691,33138819,0
91328452,72894094,0
62936992,76430335,0
59671298,23795615,0
98808067,64830611,0
55675271,84107754,0
52341668,40802826,0
22992322,71149914,0
76688928,27135511,0
24360041,27935191,0
47138182,84780185,0
3215040,44051779,0
76436896,38118876,0
21171296,84135482,0
78504449,66985132,0
69918467,31225471,0
67043360,89468810,0
66355149,75823632,0
50334755,50384793,0
84301060,61868091,0
76066404,84071723,0
67147203,11409558,0
28978825,84000278,0
57354466,45001854,0
80850757,83152759,0
78504449,64603834,0
66778692,35120725,0
23373474,56989328,0
18852131,56834248,0
91200665,46219568,0
41169408,45291729,0
31177984,4727942,0
60571140,38118876,0
65813186,32931015,0
96986336,31225471,0
68284224,32769865,0
65813186,16319132,0
57299394,54538502,0
48035811,90041180,0
52005921,39788733,0
66764285,46219568,0
51823526,84443280,0
93010788,20647957,0
15911331,32204159,0
16070624,38118876,0
54361760,51062207,0
41169408,97873950,0
65275494,31225471,0
52341668,27935191,0
35724064,24378987,0
59585994,45145764,0
35301472,75017710,0
50368196,87229040,0
50564353,72164444,0
2485153,46219568,0
3215040,84780185,0
21171296,41725436,0
82361409,54181907,0
54528357,60489942,0
96999491,40357787,0
57359937,24569479,0
76912421,81433468,0
2284449,23958745,0
67043360,22819422,0
52237675,23918330,0
84965377,56234120,0
36688224,49590574,0
77804545,19738167,0
66612960,24569479,0
67647713,51210646,0
32413380,44537944,0
46781089,50455482,0
37255364,32234617,0
51382920,73824521,0
77241153,13356205,0
25593960,91877800,0
19143488,35405475,0
77748256,84135482,0
67043360,53356565,0
80103776,80714779,0
16070624,54333496,0
53355009,52152289,0
42906184,62380727,0
71377024,63899223,0
24693281,50926478,0
85527916,39788733,0
24514948,45727120,0
88914408,50284595,0
34407266,13356205,0
66468324,39788733,0
36711460,69927371,0
68284224,1970599,0
67897793,84135482,0
85264097,34743730,0
81270595,57492067,0
17955435,23958745,0
24284673,28636625,0
63421318,89804748,0
84977888,90809669,0
19443872,24569479,0
49740099,38118876,0
60848736,45040539,0
42282022,46219568,0
32658304,47988383,0
61188069,24569479,0
77260330,72164444,0
11197382,90821646,0
55675271,8281130,0
8289216,80714779,0
62422382,33918678,0
76467524,49415669,0
18960736,82854042,0
59769828,50986653,0
62284553,62898389,0
58227335,75913694,0
64579744,89059866,0
22074403,80310375,0
45831360,57492067,0
62825929,44448010,0
16070624,23958745,0
57129676,77020269,0
45719431,44537944,0
66764285,75389886,0
40160836,37879313,0
54452363,44418026,0
36875298,85241565,0
26200326,54595406,0
70912871,24569479,0
24693281,35405475,0
30554240,84135482,0
37913602,27935191,0
63292418,38118876,0
31627268,27935191,0
69401250,30941531,0
48046242,23958745,0
64480866,83579294,0
71989322,1444713,0
61188069,45145764,0
72595895,35529221,0
35301472,47313770,0
22422851,84135482,0
21599943,14552053,0
54053670,45040539,0
91216899,32613790,0
62303304,52417851,0
39172032,81077464,0
18960736,93464280,0
40741504,20014256,0
21599943,23958745,0
40160836,31640964,0
97354784,70326774,0
35900099,65057846,0
31125761,18189169,0
31627268,28968888,0
57644517,31789284,0
42282022,43106906,0
32658304,69928941,0
51760904,79424848,0
46627365,4030876,0
86146945,49415669,0
71966113,52223460,0
60960835,86069814,0
31167747,47983480,0
47206728,12407223,0
36875298,35626804,0
93261057,67460989,0
50368196,75962303,0
36761895,50986653,0
21171296,35630214,0
69206944,31225471,0
27208290,5628683,0
17562112,30869320,0
98808067,32295090,0
37061856,68731378,0
14691276,5660795,0
40160836,5628683,0
34638630,32769865,0
39146691,24569479,0
71957793,46219568,0
51382920,24569479,0
50176096,65372331,0
34752640,95679247,0
28950789,7351682,0
51464383,66564908,0
22422851,52019173,0
53737120,65894559,0
40225828,50926478,0
34638630,56562122,0
63585928,22819422,0
38447746,85463636,0
84301060,47948274,0
58307266,82270293,0
60960835,27999294,0
76066404,50985477,0
59324937,84135482,0
64480866,89031582,0
63872198,88682962,0
38823136,56865642,0
52403360,32204159,0
76912421,53041457,0
15911331,48448790,0
71068677,33138819,0
44637989,66191134,0
35226371,70326774,0
80275809,44805563,0
32939808,24569479,0
30190432,23958745,0
46980585,53084442,0
53837571,33138819,0
4254500,13802221,0
56572331,38118876,0
59584097,27935191,0
59324937,27312735,0
58416896,29319775,0
75242176,4342807,0
12103618,21843643,0
98808067,50173209,0
69206944,78512798,0
47138182,1347389,0
18480165,56234120,0
21659072,68477834,0
70849536,89710725,0
29914496,46613388,0
24693281,43763158,0
47138182,95267942,0
48046242,33138819,0
38823136,58910438,0
84965377,50986653,0
39520451,44729677,0
49652516,47182346,0
91216899,91877800,0
60638240,32769865,0
75318821,52438681,0
52237675,42514477,0
94578154,62757091,0
43909796,52211893,0
29914496,35754921,0
36711460,41725436,0
20467137,93719349,0
72595895,49684971,0
59769828,72737814,0
53257702,47115585,0
39520289,23958745,0
35301472,25945492,0
21599943,64284441,0
42140129,31225471,0
50334755,84135482,0
12103618,68599591,0
36761895,21811068,0
34638630,19947396,0
29052128,55471505,0
36875298,37325141,0
42906184,63899223,0
87120193,53926646,0
34752640,58511637,0
30011491,75447635,0
92634945,40978236,0
75242176,95715112,0
15658592,23958745,0
58416896,46219568,0
71563970,13198918,0
50564353,50509455,0
50359170,27935191,0
75202466,87413186,0
83326983,31469368,0
86595714,44683999,0
37913602,33918678,0
32087719,38118876,0
27908001,83579294,0
69709216,43470746,0
57299394,38999825,0
35301472,12761549,0
64340676,34380744,0
71957793,55203154,0
88914408,84135482,0
47138182,5628683,0
98857946,35529221,0
12103618,76430335,0
43742368,24861177,0
48046242,43265908,0
41169408,11409558,0
22422851,59459274,0
61562851,69783068,0
59585994,56989328,0
27908001,47141187,0
71563970,60679295,1
71563970,63744270,1
71563970,84102458,1
57781987,42738262,1
57781987,14601328,1
57781987,59075657,0
84977888,66564908,1
84977888,79616204,1
84977888,37532089,1
84977888,61938708,1
84977888,34870253,0
80275809,12085535,1
80275809,57397557,1
80275809,28968888,1
80275809,65992894,1
66612960,37080340,1
66612960,36162270,0
26200326,46283455,0
23373474,17557758,1
23373474,85028460,1
23373474,71745200,1
23373474,29916446,1
23373474,49420850,1
23373474,7351682,0
77215589,62627628,1
51984550,89749927,1
51984550,209977,0
51984550,67556867,0
51984550,82440142,0
51984550,39877339,0
57644517,46060858,0
72667296,65931181,1
72667296,50250903,1
72667296,82628958,1
72667296,64714684,1
72667296,21670568,1
27208290,24861177,1
27208290,46063915,1
60960835,21722870,1
34752640,37351978,1
34752640,81137394,0
34752640,53356565,0
34752640,29204789,0
34752640,34480831,0
34752640,44736122,0
34752640,53010211,0
34752640,53381951,0
34752640,85646035,0
34752640,89611718,0
34752640,85920554,0
34752640,89852549,0
34752640,14693945,0
34752640,67886999,0
34752640,60389545,0
34752640,28948362,0
34752640,36911227,0
34752640,47840381,0
34752640,48061329,0
34752640,50284595,0
34752640,54397148,0
34752640,39350581,0
34752640,73468248,0
34752640,63713898,0
34752640,84239105,0
34752640,98669404,0
34752640,3767863,0
41901856,25282467,1
41901856,80873556,0
41901856,88829158,0
41901856,75017710,0
41901856,89167001,0
41901856,53084442,0
41901856,44644082,0
41901856,31303836,0
41901856,84550965,0
41901856,16637109,0
41901856,67675959,0
41901856,11655051,0
41901856,56839222,0
41901856,14693945,0
41901856,54722600,0
41901856,37497854,0
57359937,32887006,1
61562851,59546374,1
61562851,35536212,1
61562851,10903441,1
61562851,89959697,1
61562851,91366122,1
43909796,77016050,1
43909796,38153586,0
52460480,41790027,1
52460480,27135511,1
52460480,38017439,1
52460480,21270295,1
52460480,75397904,1
52460480,33983082,0
52460480,85042149,0
94578154,82531103,1
94578154,80159310,1
94578154,48307629,0
94578154,32132138,0
3215040,69894852,1
3215040,23723718,1
3215040,87141400,0
3215040,45034536,0
97354784,260753,1
97354784,35405475,1
97354784,91519193,1
97354784,27999294,1
97354784,38352004,1
97354784,43718685,1
97354784,41771778,0
51739077,16131369,1
51739077,51078796,1
91328452,89792967,1
91328452,70916691,1
31627268,25994569,1
31627268,37634878,1
31627268,20465037,0
31627268,56562122,0
56341889,81401831,1
56341889,55212927,1
56341889,50677786,1
56341889,96478412,0
56341889,84268155,0
10042792,23753239,1
10042792,6403220,1
75318821,44418026,1
75318821,39463606,1
75318821,48078311,1
75318821,46030392,0
75318821,36606795,0
75318821,81356938,0
51382920,55037684,1
51382920,15896271,1
51382920,88590575,0
51382920,12757452,0
49066670,23836667,1
49066670,44933260,0
54643813,1253002,1
54643813,66760494,1
54643813,78891929,1
54643813,12407223,1
54643813,92944350,1
54643813,64136504,1
67043360,34380744,1
67043360,42089297,1
75169795,32868569,1
75169795,63587638,1
75169795,92981397,1
75169795,65736175,0
75169795,61410320,0
75169795,40229294,0
40225828,60546106,1
71989322,54910361,1
71989322,56839222,1
71989322,69165385,0
71989322,25462564,0
37255364,58752398,1
24693281,89090467,1
24693281,70291557,1
24693281,5185359,1
60571140,23757092,1
60571140,83171271,0
60571140,37214924,0
60571140,66705685,0
60571140,94368030,0
60571140,49967223,0
60571140,29941324,0
60571140,6466874,0
60571140,17422391,0
60571140,35669299,0
60571140,24147862,0
60571140,55090506,0
38492586,34054931,1
38492586,35381368,0
38492586,72266014,0
38492586,5489545,0
67147203,1303912,1
67147203,64208250,1
67147203,43904710,1
67147203,95781094,1
67147203,92996051,1
67147203,67064392,1
67147203,48758733,1
67147203,64384934,1
67147203,54922099,0
46627365,63744711,1
46627365,36911227,1
46627365,65655694,1
46627365,75566537,0
46627365,35165067,0
46627365,64383564,0
64340676,19391710,1
64340676,98849797,0
93444928,33970939,1
93444928,86036015,1
93444928,81157886,1
93444928,82583255,1
93444928,67293934,0
80356961,44715722,1
80356961,67554678,1
80356961,86069814,1
80356961,41092882,0
80356961,65960689,0
80356961,68806280,0
25626276,24017509,1
25626276,89059866,0
25626276,95934920,0
32812864,31504406,1
32812864,52843087,1
32812864,20813006,1
32812864,58910438,1
32812864,36606795,1
66085532,52851190,1
66085532,14666357,1
66085532,5366972,1
66085532,67358090,1
66085532,69331499,1
66085532,49967223,1
66085532,42404872,0
66085532,45853159,0
76912421,38033310,1
76912421,48106319,1
76912421,33998454,1
76436896,61690853,1
76436896,91116388,1
76436896,53125631,0
57129676,66814546,1
57129676,17133324,1
44637989,41625161,1
44637989,52671445,1
44637989,67708166,0
44637989,53660770,0
44637989,57113507,0
75087613,54454524,1
75087613,77337522,1
75087613,87035902,0
75087613,16295996,0
75087613,28224541,0
75087613,73925902,0
75087613,69863476,0
75087613,88606905,0
33722688,67223648,1
33722688,10246441,1
33722688,13585097,1
33722688,25695404,0
33722688,71105677,0
33722688,64207699,0
33722688,89117065,0
32939808,84668470,0
61188069,81912045,1
61188069,43994003,1
61188069,33895984,0
61188069,10023784,0
61188069,47253893,0
61188069,47023848,0
61188069,48466686,0
60140672,57113507,1
60140672,69346431,1
60140672,67708166,0
60140672,35951391,0
60140672,53368360,0
9937440,45256979,1
9937440,11098395,1
9937440,44870108,1
9937440,7250514,1
9937440,370268,1
9937440,47072548,1
9937440,59445008,0
15911331,74342620,0
15911331,49684971,0
15911331,75447635,0
64579744,42354908,1
64579744,40550170,1
64579744,47264359,0
12103618,23256830,1
12103618,31225471,1
12103618,8447535,1
12103618,26495610,1
12103618,10507288,1
52341668,23958745,1
52341668,68489179,0
52341668,31474289,0
52341668,67371758,0
52341668,77398411,0
52341668,38849390,0
52341668,9728574,0
52341668,50781773,0
52341668,23480591,0
86146945,91880654,1
86146945,76430335,1
86146945,41725436,1
86146945,26325450,1
86146945,61023022,1
86146945,39697900,0
86146945,25349351,0
86146945,37892018,0
86146945,35350872,0
86146945,92703896,0
86146945,40774974,0
86146945,80450571,0
86146945,53570958,0
86146945,22775085,0
86146945,16177635,0
86146945,75012430,0
86146945,61498847,0
86146945,56699692,0
86146945,25603650,0
86146945,1347389,0
86146945,88924072,0
86146945,3598615,0
86146945,85573175,0
86146945,94511792,0
86146945,84442012,0
86146945,62392977,0
86146945,56115346,0
86146945,93611703,0
86146945,4422385,0
86146945,38564743,0
86146945,62569432,0
86146945,50691452,0
86146945,78989521,0
86146945,69005400,0
86146945,29054640,0
86146945,1444713,0
86146945,39003028,0
86146945,33263025,0
86146945,29714425,0
86146945,49430792,0
86146945,6331948,0
86146945,50426062,0
86146945,77008042,0
86146945,38149907,0
86146945,98586705,0
86146945,94750224,0
86146945,3598514,0
86146945,23498700,0
86146945,52263925,0
86146945,45376232,0
86146945,68280046,0
86146945,60655494,0
86146945,43859384,0
86146945,25820683,0
86146945,56229063,0
86146945,77308213,0
86146945,81634650,0
86146945,96029766,0
86146945,22469882,0
86146945,701545,0
86146945,16421267,0
86146945,44568249,0
86146945,95409910,0
86146945,45001854,0
86146945,47313770,0
86146945,76134545,0
86146945,12969998,0
62303304,40200365,1
62303304,53786121,0
62303304,96975145,0
62303304,41704902,0
40160836,19025128,1
40160836,41705358,0
40160836,69221931,0
40160836,41780904,0
40160836,73697689,0
40160836,41359069,0
53540419,48190320,1
53540419,38229432,1
92894304,51060838,1
92894304,86355040,1
92894304,45840265,1
92894304,3598615,0
92894304,35959374,0
92894304,73353855,0
92894304,40774974,0
92894304,46188895,0
51464383,45864250,1
51464383,91465074,1
66468324,57001488,1
66468324,22034280,1
66468324,11543754,1
66468324,54603661,1
45111109,40668779,1
45111109,38908587,1
45111109,84268155,0
45111109,75419452,0
45111109,84443280,0
45111109,13312849,0
90718213,38413725,1
90718213,59120183,1
90718213,44805563,1
90718213,53768240,1
90718213,89724721,1
38108489,26327099,1
38108489,50487142,0
52403360,47072225,1
52403360,70986173,1
52403360,63836191,1
52403360,80552353,0
52403360,38118876,0
52403360,72581605,0
47973761,33753739,1
47973761,53079510,0
69838310,86330013,1
66764285,67886999,1
66764285,64234105,1
66764285,3767863,1
66764285,47840381,1
66764285,27300438,1
66764285,85920554,1
66764285,21918296,0
66764285,24009019,0
17562112,41780904,1
17562112,41132356,0
17562112,45049276,0
17562112,90809669,0
39146691,37410150,1
39146691,79567549,0
24284673,17172533,1
24284673,55699670,0
38447746,63053118,1
38447746,53041457,1
38447746,16319132,1
38447746,66814149,1
38447746,88215321,0
49326336,735485,1
49326336,51320865,1
49326336,62293619,1
49326336,36868284,1
49326336,66076016,0
49326336,66752788,0
2485153,38705578,1
2485153,89117065,1
2485153,43562027,0
2485153,45925876,0
2485153,88984856,0
2485153,34392254,0
69401250,63899223,1
69401250,24791295,1
69401250,83073418,0
69401250,18404871,0
69401250,26298809,0
69401250,51280173,0
69401250,44420446,0
69401250,85845923,0
69401250,66649332,0
69401250,41359069,0
69401250,36282069,0
69401250,22736212,0
69401250,57404510,0
69401250,51095877,0
69401250,59927721,0
69401250,52165787,0
69401250,50509455,0
69401250,31368211,0
69401250,31157497,0
69401250,64289564,0
69401250,50547404,0
69401250,81403011,0
69401250,43470746,0
69401250,49635278,0
69401250,91790289,0
69401250,25347598,0
69401250,55203154,0
69401250,86250508,0
69401250,29941324,0
69401250,35179465,0
69401250,64565521,0
69401250,75134630,0
69401250,63024495,0
69401250,98621092,0
69401250,36752919,0
69401250,45641488,0
69401250,55268831,0
69401250,30260024,0
69401250,56798312,0
69401250,39460007,0
69401250,26824090,0
69401250,83472763,0
69401250,56630559,0
69401250,63882323,0
69401250,60564916,0
69401250,32343306,0
69401250,48521051,0
69401250,35626804,0
69401250,78072487,0
69401250,62380727,0
69401250,88065997,0
69401250,52993309,0
69401250,58640870,0
69401250,62145678,0
69401250,70896286,0
69401250,44305640,0
69401250,20014256,0
69401250,39381887,0
69401250,45145764,0
69401250,63746156,0
69401250,54656100,0
69401250,84550965,0
69401250,34412534,0
69401250,37879313,0
69401250,25011125,0
69401250,85265980,0
69401250,46226339,0
69401250,90023996,0
69401250,68406571,0
69401250,65926933,0
69401250,56562331,0
69401250,47811018,0
69401250,88824283,0
69401250,74659398,0
69401250,40510893,0
69401250,35083271,0
69401250,17911089,0
69401250,43015965,0
69401250,56993303,0
69401250,38970099,0
69401250,27389767,0
69401250,60735508,0
69401250,44690743,0
69401250,91241309,0
69401250,53003159,0
69401250,33619959,0
69401250,98157399,0
69401250,29750166,0
69401250,94512766,0
69401250,59259892,0
69401250,72698031,0
69401250,96890525,0
69401250,76539632,0
69401250,67035709,0
69401250,94617051,0
69401250,38461619,0
69401250,71149437,0
69401250,52019173,0
69401250,21249557,0
69401250,69611430,0
69401250,70331081,0
69401250,93548558,0
69401250,53660770,0
69401250,71562627,0
69401250,75913694,0
69401250,31494805,0
69401250,56619455,0
69401250,58062687,0
69401250,62248973,0
69401250,46246978,0
69401250,74756753,0
69401250,73327923,0
69401250,18996777,0
69401250,46824556,0
69401250,15100380,0
69401250,32212233,0
69401250,62577468,0
69401250,31860044,0
69401250,32847211,0
69401250,90972374,0
69401250,41570143,0
69401250,44964668,0
69401250,43051351,0
69401250,54361651,0
69401250,22252506,0
69401250,46987758,0
69401250,74291640,0
69401250,73468248,0
69401250,54722600,0
69401250,37360366,0
69401250,36964185,0
69401250,18358005,0
69401250,78292954,0
69401250,60109495,0
69401250,65606908,0
69401250,75824860,0
69401250,95279584,0
69401250,63401804,0
69401250,52378852,0
69401250,41944826,0
69401250,51175371,0
69401250,96544130,0
69401250,65724315,0
69401250,78907033,0
69401250,80020422,0
69401250,45620476,0
69401250,73368659,0
69401250,31435374,0
69401250,57362612,0
69401250,14006215,0
69401250,65798606,0
69401250,50576791,0
69401250,32537245,0
69401250,65894559,0
69401250,64715021,0
69401250,46935854,0
69401250,72117430,0
69401250,87636038,0
69401250,25431697,0
69401250,59689363,0
69401250,17102814,0
69401250,55511418,0
69401250,31789284,0
69401250,87245644,0
69401250,51899127,0
69401250,40802826,0
69401250,11484166,0
69401250,60053765,0
69401250,39788733,0
69401250,66817157,0
69401250,73638866,0
69401250,82640108,0
69401250,59061091,0
69401250,47446012,0
69401250,51278033,0
69401250,47959304,0
69401250,41218407,0
69401250,51723190,0
69401250,47684966,0
69401250,71412528,0
69401250,43961262,0
69401250,55083667,0
69401250,76113735,0
69401250,22240261,0
69401250,69996428,0
69401250,24386405,0
69401250,12447369,0
69401250,57801772,0
69401250,31303836,0
69401250,76499819,0
69401250,64029523,0
69401250,66195117,0
69401250,56792007,0
77260330,53084442,1
77260330,64972466,1
30554240,22240261,1
30554240,24659909,1
30554240,95279584,1
41169408,34501167,1
41169408,61611884,1
88914408,73368659,1
88914408,47811018,1
88914408,32343306,1
24514948,24415437,1
24514948,19945710,1
93261057,24414199,1
93261057,44570489,1
93261057,82893592,1
93261057,4342807,1
93261057,44736122,1
93261057,42541532,1
71147841,44852039,1
71147841,64289564,1
66355149,56989328,1
66355149,32613790,1
28978825,63296671,1
28978825,46935854,0
35226371,34743730,1
35226371,44339583,1
65275494,48486773,1
65275494,9691862,1
65275494,49072238,1
65275494,44729677,1
65275494,89357064,1
65275494,52417851,1
65275494,93464280,1
65275494,33586613,0
65275494,72145468,0
57354466,62757091,1
57354466,54533983,1
47138182,60508722,1
47138182,66649332,0
47138182,70601468,0
47138182,62380727,0
47138182,41937003,0
84301060,62248973,1
84301060,36022457,1
84301060,28064886,0
84301060,50657212,0
84301060,28842793,0
84301060,49084596,0
84301060,65445054,0
42906184,43470746,1
42906184,41570143,1
42906184,85646035,0
42906184,42604445,0
42906184,96712384,0
42906184,74276973,0
42906184,68689972,0
68284224,51785841,1
68284224,48124573,1
68284224,6214990,0
68284224,77338417,0
68284224,93836358,0
68284224,80250895,0
68284224,70349654,0
68284224,39924028,0
58116034,16972715,1
58116034,47185151,1
58116034,31834858,1
58116034,19451467,1
58116034,7664879,1
98808067,12757452,1
98808067,73824521,1
98808067,48262039,1
98808067,37497854,1
98808067,47021845,1
98808067,98657220,1
98808067,47250943,0
98808067,65057846,0
98808067,51949387,0
98808067,52446350,0
35301472,38514580,1
35301472,95459030,1
35301472,95806145,1
35301472,14399173,1
35301472,52185117,1
35301472,46613388,0
90862370,65894559,1
90862370,55083667,1
25304065,56865642,1
25304065,58640870,0
82361409,18404871,1
82361409,9789508,1
82361409,47023848,1
98857946,34821146,1
98857946,54726010,1
98857946,9800934,1
98857946,50103205,1
98857946,90391225,1
98857946,59928566,1
98857946,89852549,0
98857946,34480831,0
36711460,3103984,1
36711460,24378987,1
36711460,78834821,1
36711460,23303006,1
36711460,16101065,1
19143488,24924728,1
19143488,16177635,1
19143488,53058929,1
19143488,59445008,1
19143488,34000213,1
19143488,1033917,1
32413380,70680114,1
32413380,51131711,0
34638630,74399700,1
70665219,89928975,1
70665219,69674916,1
49930606,77424589,0
49930606,61306190,0
49930606,45511817,0
49930606,81164999,0
49930606,92299108,0
49930606,98767698,0
69206944,4544706,1
69206944,87281733,1
69206944,23447542,1
69206944,44483408,1
69206944,98594275,1
69206944,69005400,0
18246146,74514500,1
18246146,13343252,1
45194309,71149437,1
62825929,55203154,1
62825929,60735508,1
52005921,71952052,1
52005921,19906097,1
52005921,6214990,1
52005921,90821646,1
52005921,52086898,1
52005921,25446597,1
49652516,40688437,1
49652516,48827928,1
49652516,46188895,0
49652516,82354463,0
69891395,25239030,1
69891395,20465037,1
69891395,49832619,1
22074403,52684200,1
48035811,40229294,1
48035811,47478087,1
48035811,68280046,0
48035811,94750224,0
48035811,77008042,0
15658592,8281130,1
15658592,13760497,1
15658592,47814705,1
15658592,34392254,1
15658592,17624685,1
15658592,41364197,1
15658592,96052167,0
69918467,21435377,1
69918467,6657871,1
69918467,79205401,1
69918467,56417965,1
69918467,35610900,1
55951938,84443280,1
86589283,75910021,1
86589283,85333987,1
34532774,65827191,1
34532774,27880636,0
53737120,57404510,1
22770211,50781773,1
22770211,27756093,1
22770211,2596154,1
22770211,47836060,1
22770211,53079510,0
16070624,45277958,1
16070624,44448010,1
16070624,17901460,1
16070624,14693945,1
16070624,65960689,1
16070624,2144839,1
16070624,68792553,0
93779269,86661317,1
93779269,75913694,1
52237675,52136092,1
52237675,41146338,0
60789851,15729262,1
60789851,21843643,1
60789851,22343819,1
60789851,14196184,1
52385985,35056389,1
52385985,37369733,1
52385985,54685720,0
52385985,69996428,0
52385985,48169914,0
52385985,55576195,0
75202466,91549516,1
75202466,86739887,1
75202466,1768956,1
75202466,70331081,1
75202466,21865403,1
75202466,83696197,0
53837571,51278033,1
35938242,69611430,1
14691276,50426737,1
14691276,96755227,0
14691276,12962841,0
14691276,41077263,0
52639394,45620476,1
8289216,54214061,1
8289216,96712384,1
8289216,63713898,0
8289216,45101441,0
8289216,51932883,0
8289216,92823416,0
8289216,18908808,0
8289216,21327467,0
8289216,58970863,0
8289216,43763158,0
8289216,32780854,0
8289216,23918330,0
8289216,88215321,0
8289216,61642770,0
8289216,91698192,0
8289216,19898767,0
8289216,85394877,0
8289216,35165067,0
8289216,36084372,0
8289216,93719349,0
8289216,38402834,0
8289216,66123367,0
8289216,51062207,0
8289216,70324505,0
8289216,85463636,0
8289216,63697794,0
8289216,31585097,0
8289216,61901788,0
8289216,83448526,0
8289216,28750198,0
8289216,81137394,0
8289216,28608094,0
8289216,42711077,0
8289216,24351352,0
8289216,62773065,0
8289216,55076986,0
8289216,67925279,0
8289216,47673776,0
8289216,23447056,0
8289216,59667644,0
8289216,84429009,0
8289216,41485546,0
8289216,63542010,0
49043713,29228441,1
49043713,12484415,1
49043713,48940816,1
49043713,78766806,1
49043713,76369891,1
49043713,50212748,0
49043713,33275131,0
77748256,47446012,1
77748256,62145678,1
77748256,28282387,0
77748256,64181180,0
77748256,33633736,0
77748256,66815853,0
77748256,88682962,0
77748256,42060474,0
77748256,80867192,0
77748256,35527544,0
77748256,35759560,0
77748256,42074511,0
77748256,24784404,0
77748256,46054102,0
77748256,54808619,0
77748256,36295476,0
77748256,22537653,0
92992548,84889691,1
92992548,88047279,1
92992548,72266014,1
47206728,64729661,1
47206728,33059739,1
47206728,28842793,1
53257702,43961262,1
53257702,46824556,1
30011491,14608550,1
30011491,59003801,1
30011491,69120468,1
30011491,5355657,1
30011491,30865062,1
30011491,54287205,1
30011491,74120132,0
55675271,56278238,1
55675271,30924595,1
55675271,59530385,1
55675271,24488085,1
55675271,14552053,1
55675271,731605,1
47388064,32904975,1
62422382,52851091,1
62422382,77917009,1
62284553,59037208,1
62284553,38970099,1
64607522,33633736,1
64607522,54808619,1
64607522,78767900,1
64607522,7083119,1
64607522,98041228,1
64607522,22804415,1
19499488,59311367,1
19499488,91497919,1
60601478,62124425,1
60601478,46935854,1
57380129,55687211,1
57380129,45175691,1
52863298,40414054,1
52863298,17911089,1
4254500,48541191,0
63421318,23903408,1
63421318,53381871,1
63421318,5660795,1
63421318,45902708,1
63421318,39990303,0
63421318,42893889,0
63421318,58897448,0
63421318,86557034,0
63421318,30914886,0
39172032,40978236,1
39172032,34284470,1
39172032,35560850,1
39172032,3971343,1
39172032,49860479,1
39172032,90118377,1
20467137,15510280,1
20467137,87413186,0
40741504,36084372,1
40741504,45101441,1
40741504,49526377,1
29914496,94512766,1
29914496,46054102,0
29914496,28636625,0
29914496,96890525,0
29914496,32710705,0
87120193,44144365,1
87120193,86557034,1
87120193,663005,1
87120193,42893889,1
87120193,30914886,1
87120193,56275224,1
17869090,49381914,0
58307266,48318366,1
58307266,34996246,1
18480165,42128318,1
18480165,77427895,1
18480165,60447783,1
18480165,16623046,1
18480165,60604702,1
18480165,9513553,1
18480165,87367093,0
22992322,37927610,1
22992322,44542160,0
22992322,24477290,0
22992322,36964185,0
53355009,65693495,1
53355009,60733486,1
53355009,42299605,1
53355009,84909323,1
53355009,77379583,1
53355009,28891661,0
53355009,34500339,0
69709216,6331948,1
69709216,65983812,1
69709216,18394686,1
69709216,22775085,1
35915008,89031582,1
35915008,69928941,1
35915008,209977,1
35915008,43570042,0
35915008,77771024,0
65392801,89973207,1
65392801,2798076,1
65392801,16421267,1
65392801,35705561,1
65392801,67254699,1
65392801,13312849,1
31167747,30037069,1
31167747,35320916,1
31167747,38290908,1
71966113,33209790,1
71966113,60583235,1
71966113,44051779,1
71966113,33104248,1
71966113,87141400,1
71966113,8282084,1
71966113,97516345,1
71966113,45034536,1
71966113,50915848,0
64480866,96435212,1
64480866,60489942,1
64480866,47943934,0
56677319,9315119,1
25577348,56229063,1
25577348,25200950,1
25577348,22469882,1
25577348,45376232,1
25577348,44568249,1
59584097,60573676,1
59584097,55877636,1
45831360,45040539,1
45831360,86328493,1
45831360,74190904,0
25593960,25420328,1
25593960,18908808,0
25593960,42711077,0
36761895,28955437,1
36761895,20383993,1
36761895,64383564,1
18852131,34686093,1
18852131,5312650,1
1959777,93986462,1
1959777,50426062,1
66053411,8565641,1
66053411,30847749,1
66053411,52323484,1
66053411,93007560,1
66053411,63431675,1
66053411,3846927,0
66053411,29989451,0
66053411,54818129,0
66053411,34394797,0
37913602,81494459,1
37913602,86961593,0
58948641,41113112,1
58948641,19427532,1
58948641,65048923,1
58948641,31302151,1
58948641,13356205,1
58948641,60979507,1
58227335,47978923,1
58227335,69711479,0
58227335,50499731,0
58227335,68374652,0
58227335,79605689,0
98423908,70349654,1
98423908,77697394,1
98423908,61794834,1
98423908,93836358,0
19443872,19073457,1
19443872,32295090,1
19443872,22881928,0
19443872,74190904,0
19443872,5540302,0
83328707,34394797,1
83328707,39148335,1
83328707,35381368,1
83328707,96093457,0
83328707,66447084,0
83328707,66985132,0
83328707,65327827,0
83328707,68599591,0
83328707,50657212,0
83328707,45503604,0
46781089,31860044,1
46781089,54685720,1
46781089,71562627,1
46781089,43106906,1
46781089,484757,1
46781089,86820843,1
37530368,68731378,1
37530368,31670057,1
37530368,14120468,1
37530368,51672417,1
37530368,53299737,0
21659072,56183375,1
84965377,66264990,1
84965377,41276336,1
84965377,29412015,1
84965377,31373426,0
84965377,40256697,0
76688928,42404872,1
76688928,70981106,1
76688928,52012211,1
76688928,52152289,1
76688928,45853159,1
76688928,62911,1
68752289,67726484,1
68752289,53010211,0
68752289,25356853,0
68752289,96478412,0
68752289,36182195,0
68752289,55343673,0
68752289,53299737,0
80850757,55983513,1
80850757,84823689,1
73711747,47194137,1
73711747,45510566,1
77804545,28810852,1
77804545,59376223,0
77804545,27660804,0
77804545,63297771,0
77804545,21078486,0
36875298,19089912,1
36875298,52263925,1
36875298,1367517,1
36875298,84268155,1
36875298,29714425,1
36875298,68280046,1
62936992,73353855,1
62936992,82644991,1
62936992,40774974,1
62936992,3598615,1
62936992,98586705,1
62936992,64159490,1
83095015,74938837,1
83095015,45688312,1
83095015,73206113,0
83095015,12706433,0
83095015,61201533,0
83095015,66830476,0
83095015,73335794,0
83095015,81433468,0
83095015,50289237,0
32087719,21269706,1
32087719,58511637,1
86595714,49408413,1
86595714,57701483,1
86595714,38131875,1
86595714,58823000,1
93010788,55343673,1
93010788,42424469,1
93010788,4991565,1
93010788,74613707,1
93010788,54333496,1
93010788,93611703,1
93010788,98133967,1
93010788,57890975,0
41414851,73545745,1
35900099,98547332,1
35900099,80310375,1
35900099,3598514,1
74124966,25349351,1
74124966,6744526,1
74124966,28950826,1
74124966,60799591,1
74124966,25820683,1
74124966,25574963,1
9160265,58624400,1
9160265,86104485,0
9160265,53368360,0
9160265,71725022,0
9160265,1778391,0
9160265,24569479,0
9160265,75426867,0
9160265,50986653,0
9160265,32769865,0
9160265,50775039,0
9160265,52205735,0
9160265,42210935,0
9160265,80552353,0
38939872,32931015,1
38939872,38402834,0
38939872,94680941,0
27908001,89710725,1
75242176,31276154,1
54699332,61410320,1
32188644,76169214,1
32188644,98419887,1
32188644,11364095,1
75910055,69711479,1
75910055,67016602,1
75910055,45049276,1
75910055,68374652,1
46007971,87367093,1
46007971,12761549,1
46007971,61498847,1
46007971,83113335,1
46007971,46979351,1
46007971,18854966,0
46007971,46246978,0
23620990,64392846,1
28149953,3846927,0
28149953,93192892,0
54689761,34826703,1
54689761,45511817,1
54053670,53857753,0
54053670,61992061,0
38117313,57887557,1
38117313,46100236,0
70863968,2101868,1
70863968,25603650,1
70863968,51999280,1
70863968,53711572,1
70863968,44529558,0
70863968,48093129,0
70863968,35754921,0
27801060,24675126,1
59769828,44994764,1
59769828,28738167,1
59769828,87622461,1
82447200,1613425,1
82447200,85573175,1
82447200,76134545,1
82447200,39697900,1
82447200,39044314,1
82447200,49430792,1
82447200,96029766,1
28950789,6466874,1
59585994,49590574,1
63585928,48515230,1
47616003,39350581,1
47616003,66705685,1
47616003,36766321,1
47616003,52024027,0
47616003,57890975,0
26095201,17553753,1
26095201,22650533,1
26095201,77407598,0
29052128,78773895,1
71957793,22216118,1
71957793,75488221,1
71957793,93836358,1
71957793,1970599,1
71957793,54954273,0
13846090,48633997,1
96142146,11655051,1
96142146,54852394,1
96142146,48701388,1
96142146,91193296,1
96142146,52446350,1
96142146,22537653,1
50368196,55031719,1
50368196,29909599,1
50368196,50915848,0
62136832,56233065,1
62136832,37504844,0
91200665,76359628,1
91200665,21078486,1
91200665,27660804,1
91200665,74192889,1
45719431,83381137,1
45719431,51131711,1
45719431,80867192,1
45719431,97547150,1
45719431,4123023,1
45719431,28930641,1
54528357,68489179,1
54528357,23480591,1
54528357,38849390,1
54528357,9728574,1
54528357,47943934,1
54528357,77398411,1
50176096,36295476,1
50176096,37427126,1
9827810,79630465,0
9827810,92780602,0
50359170,37504844,1
50359170,48369044,1
67647713,42480791,1
67647713,62062623,1
67647713,19947396,1
67647713,48014318,1
60848736,30217405,1
60848736,50576791,0
63292418,37400134,1
63292418,82372668,0
63292418,38422281,0
63292418,56902092,0
63292418,48658824,0
63292418,83517359,0
53699299,37214924,1
81270595,37707111,1
81270595,81014895,1
81270595,66752788,1
81270595,52381997,1
49740099,16860122,0
49740099,12962841,0
92634945,25518374,1
92634945,38404089,0
92634945,87636038,0
92634945,58057278,0
66718913,72004049,1
66718913,63697794,1
66718913,23447056,0
94414976,57763796,1
94414976,27312735,1
94414976,88857237,1
94414976,83517359,0
94414976,13249901,0
94414976,66649332,0
94414976,57215167,0
94414976,62380727,0
94414976,52196594,0
94414976,56194318,0
94414976,82372668,0
94414976,24216669,0
94414976,67035709,0
94414976,68639106,0
58599683,6800809,1
21004261,43335898,1
21004261,39143725,0
70912871,44627571,1
70912871,55648532,1
56572331,52605917,1
56572331,25889918,1
56572331,82666513,1
60620577,52261542,1
60620577,66076016,0
60620577,78253269,0
72339073,42604445,1
72339073,52332060,1
72339073,87967305,1
48650597,59899655,1
48650597,31831570,1
48650597,71552646,0
65894144,35410623,1
65894144,33918678,1
72595895,5628683,1
72595895,71725022,1
72595895,50986653,1
72595895,24569479,1
38823136,37360366,1
59324937,41944826,1
59324937,63595157,1
59324937,31490474,0
59324937,22430617,0
59324937,58763783,0
59324937,56676909,0
91216899,41727244,1
54361760,77400102,1
54361760,48658824,1
42140129,1778391,1
42140129,51140258,1
42140129,32769865,1
42140129,34934382,1
42140129,23795615,1
42140129,43328662,1
89056,21860951,1
89056,94415653,1
89056,59061091,0
65533380,88065997,1
65533380,30260024,1
65533380,35083271,1
39520451,85845923,1
78504449,63897872,1
78504449,71489113,1
77867011,63746156,1
77867011,46143703,1
85527916,49067884,1
57488134,33619959,1
54697856,52438681,1
54697856,5489545,1
54697856,88773659,1
54697856,61868091,1
54697856,35392050,1
54697856,27976942,1
54697856,47146148,1
54697856,34446457,1
54697856,47847019,0
54697856,29203591,0
66051813,78989521,1
66051813,35565212,1
66051813,62384294,1
66051813,79424848,1
66051813,56902092,1
77241153,46100236,1
18960736,47115585,1
18960736,24268406,1
18960736,98849797,1
18960736,73823909,1
18960736,15194153,1
64692162,93145066,1
76066404,59689363,1
76066404,65724315,1
76066404,82712155,0
76066404,84558007,0
76066404,43442029,0
67897793,21249557,1
67897793,63882323,1
96986336,11619753,1
96986336,66684435,1
96986336,18854966,1
96986336,65983637,1
96986336,63561929,0
35724064,13939571,1
35724064,88216489,1
35724064,95019292,0
35724064,61992061,0
57299394,25524118,1
57299394,31446082,1
57299394,73810179,0
57299394,82795747,0
57299394,63546088,0
57299394,71389798,0
57299394,8587141,0
57299394,33586613,0
57299394,95788465,0
22422851,13802221,1
22422851,27212721,1
22422851,56792007,0
22422851,81534664,0
32763428,63561929,1
32763428,17102814,1
70849536,48105790,1
70849536,55061424,1
70849536,56234120,1
70849536,98665740,1
70849536,2580274,1
70849536,66076016,1
70849536,96716900,1
66778692,63419453,1
66778692,50915848,1
35857792,73810179,1
35857792,38404089,1
35857792,71389798,1
35857792,33586613,1
35857792,8587141,1
35857792,82795747,1
80103776,55268831,1
80103776,56993303,1
51760904,51899127,1
51760904,50176689,1
63872198,56792007,1
63872198,25356853,1
63872198,98157399,1
22909408,50683064,1
54452363,67035709,1
59141538,25431697,1
59141538,56562122,1
59141538,81433468,0
59141538,73206113,0
60038145,25409167,1
60038145,46707617,1
54169443,52024027,1
54169443,53079510,1
87317188,62404947,1
87317188,51937161,1
87317188,76305683,1
87317188,50129119,1
87317188,22858953,1
87317188,5042118,1
87317188,32822829,0
87317188,33538650,0
87317188,52440335,0
87317188,28927993,0
87317188,21367693,0
60638240,53951521,1
60638240,53786121,1
74298756,48307629,1
74298756,45291729,1
74298756,64773733,1
74298756,36256107,1
74298756,22881928,1
74298756,89896876,1
74298756,96975145,1
49984482,51175371,1
49984482,32537245,1
45583875,35978749,1
45583875,36087441,1
45583875,75933175,0
45583875,72698031,0
48046242,31474289,1
48046242,32015071,1
48046242,65672765,1
48046242,52223460,1
48046242,53578629,1
48046242,95187934,0
48046242,58763783,0
48046242,22430617,0
48046242,69388758,0
48046242,19544823,0
48046242,98621092,0
92624064,88682962,1
92624064,28282387,1
92624064,46054102,1
92624064,88829158,1
31125761,87454442,1
71068677,83865712,1
71068677,49684971,1
71068677,59845812,1
71068677,37587790,1
71068677,94981416,1
28827747,45226909,1
27369443,13198918,1
27369443,1065127,1
27369443,38939272,1
27369443,37958871,1
27369443,26055338,1
27369443,16456052,1
27369443,53833203,0
27369443,95547511,0
27369443,62662513,0
27369443,71552646,0
78407619,45261819,1
78407619,11257759,1
78407619,60389545,1
78407619,20566424,1
59671298,52205735,1
59671298,48742674,1
59671298,74508755,0
21171296,36532408,1
21171296,15396241,1
67963843,64363962,1
67963843,84465814,1
67963843,81356938,1
67963843,36964185,0
44775009,48818759,1
44775009,29203591,1
44775009,22926196,1
44775009,5121195,1
44775009,47847019,1
44775009,24139438,1
71377024,24386405,1
21599943,12575085,1
21599943,12450038,1
21599943,15415378,1
21599943,61009090,0
72112899,50985477,1
72112899,43442029,1
50564353,35213351,1
50564353,21856623,1
76467524,24809375,1
76467524,50576791,0
94828896,78504459,1
94828896,92780602,1
14364610,12447369,1
14364610,26298809,1
65813186,38402834,1
65813186,31585097,1
43742368,70174967,1
83326983,52476749,1
83326983,56366648,1
67086788,65306765,1
67086788,62662513,1
2284449,42103916,1
2284449,57619335,0
50334755,46613388,1
50334755,96890525,1
50334755,43953336,1
42282022,58962954,1
42282022,19093528,1
42282022,28636625,1
42282022,50455482,1
42282022,24445141,1
42282022,457467,1
96999491,57023339,1
96999491,62648299,1
96999491,88984856,1
96999491,46062024,1
96999491,478870,1
96999491,37915790,1
31177984,44698167,1
31177984,25407477,1
31177984,63984980,1
31177984,13696312,1
31177984,804681,1
31177984,25106018,1
56953925,54397148,1
56953925,52911581,1
31007137,25933832,1
31007137,61901788,1
31007137,23447056,1
39520289,46111836,1
39520289,33538650,1
39520289,43895439,1
39520289,30639668,1
39520289,21367693,1
39520289,7344796,1
30190432,70894718,1
30190432,10484796,1
30190432,98424047,1
32658304,87636038,1
97937089,41337686,1
97937089,19898767,1
97937089,28750198,1
97937089,85394877,1
97937089,23918330,1
68696736,90949523,1
68696736,21658780,1
68696736,74977464,1
68696736,15219566,1
58416896,32822829,1
58416896,7351682,1
58416896,51105243,1
58416896,51092806,1
58416896,71212847,1
32742572,31368211,1
46101444,81948691,1
46980585,93548558,1
58076544,56508035,1
58076544,53660770,1
51823526,80768725,1
17955435,5540302,1
17955435,4819742,1
17955435,45669277,1
17955435,19811191,1
17955435,500763,1
17955435,10657396,1
63946017,51949387,1
63946017,95041002,1
63946017,64603834,1
63946017,42485302,1
63946017,67646868,1
63946017,17124871,1
53576352,31157497,1
53576352,37284100,1
72995363,12962841,1
85264097,63080272,1
85264097,52425202,1
85264097,56379271,1
85264097,84031127,1
